,company
0,Adani Ports Sez
1,Apollo Hospitals
2,Asian Paints Ltd
3,Axis Bank Ltd
4,Bajaj Auto Ltd
5,Bajaj Finance
6,Bajaj Finserv
7,Bharat Petroleum
8,Bharti Airtel
9,Britannia
10,Cipla Ltd
11,Coal India Ltd
12,Divis
13,Dr Reddys
14,Eicher Motors
15,Grasim
16,Hcl Technologies
17,Hdfc Bank Ltd
18,Hdfc Life
19,Hero Motocorp
20,Hindalco
21,Hindustan
22,Icici Bank Ltd
23,Indian Oil
24,Indusind Bank
25,Infosys Ltd
26,Itc Ltd
27,Jsw Steel Ltd
28,Kotak
29,Lt Larsen Toubro
30,Mahindra
31,Maruti Suzuki
32,Nestle India Ltd
33,Ntpc Ltd
34,Oil
35,Power
36,Reliance
37,Sbi Life
38,Shree Cement Ltd
39,State Bank Of
40,Sun
41,Tata
42,Tata Motors Ltd
43,Tata Steel Ltd
44,Tcs
45,Tech Mahindra
46,Titan Ltd
47,Ultratech Cement
48,Upl United
49,Wipro Ltd
50,A1 Acid Ltd
51,A2Z Infra
52,Aaa Technologies
53,Aadi Industries
54,Aakash
55,Aananda
56,Aanchal Ispat
57,Aa Plus
58,Aar
59,Aarey Drugs
60,Aarnav Fashions
61,Aaron Industries
63,Aartech Solonics
64,Aarti Drugs Ltd
65,Aarti Industries
66,Aarti
67,Aarvee
68,Aarvi Encon Ltd
69,Aarv Infratel
70,Aashka Hospitals
71,Aaswa
72,Aavas Financiers
73,Aayush Food
74,Aban Offshore
75,Abans
76,Abb Ltd
77,Abbott India Ltd
78,Abb
79,Abc Gas
80,Abc India Ltd
81,Ab Cotspin India
82,Abhijit
83,Abhinav
85,Abhishek
88,Ab Infrabuild
89,Abirami
90,Abm
92,Abn Intercorp
93,Accel Transmatic
94,Accelya
95,Acc Ltd
96,Accord Synergy
97,Accuracy
98,Ace
99,Ace Men Engg
100,Ace Software
101,Acewin Agriteck
102,Aci Infocom Ltd
103,Acknit
104,Acme Resources
105,Acrow India Ltd
106,Acrysil Ltd
107,Action
108,Active
109,Adani
110,Adani Gas Ltd
111,Adani Green
113,Adani Power Ltd
115,Adani Wilmar Ltd
116,Adarsh
117,Adarsh Plant
118,Adc
119,Adcon
120,Addi Industries
121,Add Shop
122,Adeshwar Meditex
123,Adf Foods Ltd
124,Adharshila
125,Adinath
126,Adinath Textiles
127,Adishakti
128,Aditri
129,Aditya Birla
132,Aditya
135,Aditya Ispat Ltd
136,Aditya Spinners
137,Aditya Vision
138,Adjia
139,Adlabs
140,Ad Manum Finance
141,Ador Fontech Ltd
142,Ador
143,Ador Welding Ltd
144,Adroit Infotech
145,Advait Infratech
146,Advanced
148,Advance
150,Advance Syntex
151,Advani
152,Advent
153,Advik Capital
154,Advitiya
155,Aegis Logistics
156,Af Enterprises
157,Affle India Ltd
158,Affordable
159,Agarwal Inds
160,Agc Networks Ltd
161,Agi Infra Ltd
162,Agio Paper
163,Agrimony
164,Agri Tech India
165,Agro Phos India
166,Agro Tech Foods
167,Ags
168,Ahimsa
169,Ahlada Engineers
170,Ahluwalia
171,Ahmedabad
172,Aia Engineering
173,Ai
174,Aimco Pesticides
175,A Infrastructure
176,Airan Ltd
177,Airo Lam Ltd
178,Aishwarya
179,Ajanta Pharma
180,Ajanta Soya Ltd
181,Ajcon
182,Ajel Ltd
183,Ajmera
184,Ajooni Biotech
185,Ajrinfra Ltd
186,Ajwa
187,Akar Tools Ltd
188,Akashdeep
189,Akash Infra
190,Ak Capital
191,Akg Exim Ltd
192,Aki India Ltd
193,Akme
194,Akm Lace
195,Aksharchem India
196,Akshar Spintex
197,Aksh Optifibre
198,Ak Spintex Ltd
199,Akzo Nobel India
200,Alacrity
201,Alankit Ltd
202,Alan Scott
203,Albert David Ltd
204,Alchemist
205,Alchemist Realty
206,Alembic Ltd
207,Alembic
208,Alexander
209,Alfa Ica Ltd
210,Alfa
211,Alfavision
212,Alfred Herbert
213,Algoquant
214,Alicon Castalloy
215,Alka India Ltd
216,Alkali Metals
217,Alkem
218,Alkyl
219,Allcargo
220,Alliance
221,Allied
222,Allsec
223,Almondz
224,Alok Industries
225,Alpa
226,Alphageo Ltd
227,Alphalogic
228,Alpine
229,Alps Industries
230,Alstone Textiles
231,Aluflouride Ltd
232,Amalgamated
233,Amal Ltd
234,Amani
235,Amara Raja
236,Amardeep
237,Amarjothi
238,Amarnath
239,Amba Enterprises
240,Ambalal
241,Ambani Organics
242,Ambar
243,Ambassador
244,Amber
245,Ambica
246,Ambika Cotton
247,Ambition Mica
248,Ambuja Cements
249,Amco India Ltd
250,Amd Industries
251,Am Febcon Ltd
252,Amforge
253,Amines
254,Amin Tannery Ltd
255,Ami Organics Ltd
256,Amit
257,Amj Land
258,Am Jumbo Bags
259,Amrapali
260,Amrapali Fincap
262,Amraworld Agrico
263,Amrit
264,Amrutajan Health
265,Ams Polymers Ltd
266,Anand Projects
267,Anand Rathi
268,Anand Rayons Ltd
269,Anant Raj
270,Andhra Cements
271,Andhra
273,Andhra Sugars
274,Andrew Yule Co
275,Aneri Fincap Ltd
276,Angel Broking
277,Angel Fibers Ltd
278,Ang
279,Ani
280,Anik Industries
281,Anjani Finance
282,Anjani Foods Ltd
283,Anjani
285,Anka India Ltd
286,Ankit Metal
287,Anmol India Ltd
288,Anna
289,Ansal Buildwell
290,Ansal
292,Ans Industries
293,Antarctica Ltd
294,Antariksh
295,Antony
296,Anubhav
297,Anuh Pharma Ltd
298,Anupam Finserv
299,Anupam
300,Anuroop
301,Apar Industries
302,Apcotex
303,Apex
304,Apex Frozen
305,Apis India Ltd
306,Aplab Ltd
307,Apl Apollo Tubes
308,Apm Finvest Ltd
309,Apm Industries
310,Apollo
312,Apollo Micro
313,Apollo Pipes Ltd
316,Apollo Tyres Ltd
317,Apoorva
318,Apte
319,Aptech Ltd
320,Aptus
321,Arambhan
322,Aravali
323,Arcee Industries
324,Arc Finance Ltd
325,Archana Software
326,Archidply Decor
327,Archidply Ltd
328,Archies Ltd
329,Archit Organosys
330,Arex Industries
331,Arfin India Ltd
332,Aries Agro Ltd
333,Arihant
339,Aris
340,Arman
341,Arman Hldgs Ltd
342,Arnold Holdings
343,Aro
344,Aroma
345,Arrow Greentech
346,Arshiya Ltd
347,Arss
348,Artefact
349,Artemis
351,Artemis Med
352,Art Nirman Ltd
353,Artson
354,Aruna Hotels Ltd
355,Arunis Abode Ltd
356,Arunjyothi
357,Arvee
358,Arvind Fashions
359,Arvind Ltd
360,Arvind
361,Aryaman
363,Aryan
364,Aryavan
365,Asahi Fibres Ltd
366,Asahi India
367,Asahi
368,Ascensive
369,Ascom Leasin
370,Ashapura
371,Ashapuri
372,Ashiana
373,Ashiana Housing
374,Ashiana Ispat
375,Ashika
376,Ashima Ltd
377,Ashirwad Capital
378,Ashirwad
379,Ashish Polyplast
380,Ashnisha
381,Ashnoor
382,Ashoka Buildcon
383,Ashok Alco Chem
384,Ashoka Metcast
385,Ashoka
386,Ashok Leyland
387,Ashram Online
388,Ashutosh
389,Asia Capital Ltd
390,Asian
391,Asian Granito
392,Asian Hotels
397,Asian Star Ltd
398,Asian Tea
399,Asia Pack Ltd
400,Asi Industries
401,Asit
402,Asl Industries
403,Asm Technologies
404,Aspinwall Co Ltd
405,Aspira Pathlab
406,Assam Entrade
407,Associated
408,Astec
409,Aster Dm
410,Astral Poly
411,Astra
412,Astrazeneca
413,Astron
414,Asutosh
415,Asya Infosoft
416,Atal Ltd
417,Atam Valves Ltd
418,Atharv
419,Athena
421,Atishay Ltd
422,Atlanta Ltd
423,Atlas
424,Atul Auto Ltd
425,Atul Ltd
426,Atv Projects
427,Aurangabad
428,Aurionpro
429,Aurobindo Pharma
430,Auro
431,Auroma Coke Ltd
432,Aurum Ltd
433,Au Small
434,Ausom Enterprise
435,Austin
436,Authum
437,Autoline
438,Automobile
439,Automotive Axles
440,Automotive
441,Auto Pins Ltd
442,Autoriders
443,Avadh Sugar
444,Available
445,Avantel Ltd
446,Avanti Feeds Ltd
447,Avg Logistics
448,Avi Polymers Ltd
449,Avi Products
450,Aviva Industries
451,Avon
452,Avonmore Capital
453,Avro India Ltd
454,Avsl Industries
455,Avt Natural
456,Axel Polymers
458,Axiscades
459,Axita Cotton Ltd
460,Axtel Industries
461,Aym Syntex Ltd
462,Ayoki Mercantile
463,B2B
464,Baba Arts Ltd
465,Bacil Pharma Ltd
466,Bafna
467,Bag Films Media
468,Baid Leasing
470,Bajaj
474,Bajaj Global Ltd
475,Bajaj Healthcare
479,Balaji Amines
480,Balaji Telefilms
481,Balaxi
482,Balgopal
483,Balkrishna
485,Ballarpur
486,Balmer
488,Bal Pharma Ltd
489,Balrampur
490,Ba
491,Balu Forge
492,Balurghat
493,Bambino
494,Bampsl
495,Banaras Beads
496,Banas Finance
497,Banco Products
498,Bandhan Bank Ltd
499,Bangalore
500,Bang Overseas
501,Banka Bioloo Ltd
502,Bank Of Baroda
503,Bank Of India
504,Bank Of
505,Bannari
507,Bansal
508,Bansisons
509,Banswara Syntex
510,Ba Packaging
511,Barak Valley
512,Barbeque
513,Baroda Extrusion
514,Baron Infotech
515,Bartronics India
516,Basant Agro Tech
517,Basf India Ltd
518,Bata India Ltd
519,Batliboi Ltd
520,Bayer Crop
521,Bazel
522,Bb Triplewall
523,Bcc Fuba Ltd
524,Bcl Enterprises
525,Bcl Industries
526,Bcpl
527,Bc Power
528,Bdh Industries
529,Bdr Buildco Ltd
530,Beardsell Ltd
531,Bedmutha
532,Beekay Niryat
533,Beekay Steel
534,Beeyu Overseas
535,Bella Casa
536,Bemco Hydraulics
537,Beml Ltd
538,Benara Bearings
539,Benares Hotels
540,Bengal Assam Ltd
541,Bengal
542,Bengal Tea
543,Bentley
544,Berger Paints
545,Bervin
546,Beryl Drugs Ltd
547,Beryl Securities
548,Best Agrolife
549,Best Eastern
550,Beta Drugs Ltd
551,Betex India Ltd
552,Bew Engineering
553,Bf Investment
554,Bfl Asset
555,Bf Utilities Ltd
556,Bgr Energy
557,Bhageria
558,Bhagiradha
559,Bhagwati
560,Bhagwati Oxygen
561,Bhagyanagar
563,Bhakti
564,Bhalchandram
565,Bhandari
566,Bhanderi
567,Bhansali
568,Bharat
570,Bharat Bijlee
571,Bharat Dynamics
573,Bharat Forge Ltd
574,Bharat Gears Ltd
578,Bharat Rasayan
579,Bharat Road
580,Bharat Seats Ltd
581,Bharat Wire
582,Bhartia Bachat
584,Bharti
586,Bharti Infratel
587,Bhartiya
588,Bhaskar
589,Bhatia Comms
590,Bhel
591,Bhilwara
593,Bigbloc
594,Bihar Sponge
595,Bijoy Hans Ltd
596,Bilcare Ltd
597,Billwin
598,Bimetal Bearings
599,Binayak
600,Bindal Exports
601,Binny Ltd
602,Biocon Ltd
603,Biofil Chem
604,Biogen
605,Birla Cable Ltd
606,Birla
608,Birlasoft Ltd
609,Birla Tyres Ltd
610,Bkm Industries
611,Bkv Industries
612,Black Rose
613,Blb Ltd
614,Bliss Gvs Pharma
615,Bl Kashyap
616,Bloom Dekor Ltd
617,Bloom Industries
618,Bls Infotech Ltd
619,Bls
620,Blueblood
621,Blue
623,Blue Coast
624,Blue Dart
625,Blue Pearl
626,Blue Star Ltd
627,Bmw Industries
628,Bnk Capital
629,Bn Rathi
630,Bnr Udyog Ltd
631,Bodal Chemicals
632,Bodhi Tree
633,Bodhtree Ltd
634,Bombay
636,Bombay Dyeing
638,Bombay Oxygen
642,Bombay Wire
643,Bonlon
644,Borosil Ltd
645,Borosil
646,Bosch Ltd
647,Boston
648,Bothra
649,Bp Capital Ltd
650,Bpl Ltd
651,Brady
652,Brahmaputra
653,Brandbucket
654,Brand Concepts
655,Brand
656,Brawn
657,Bridge
658,Brigade
659,Bright Brothers
660,Brightcom Group
661,Bright Solar Ltd
662,Brijlaxmi
663,Brilliant
665,Bronze Infra
666,Brookfield India
667,Brooks
668,Bsel
669,Bse Ltd
670,Bsl Ltd
671,Buckingham
672,Budge Budge
673,Burger King
674,Burnpur Cement
675,Butterfly
676,Cadila
677,Cadsys Ltd
678,Calcom Vision
679,California
680,Cambridge
681,Camex Ltd
682,Camlin Fine
683,Cams Ltd
684,Canara Bank Ltd
685,Can Fin Homes
686,Canopy Finance
687,Cantabil
688,Capacite
689,Capfin India Ltd
690,Capital
691,Capital Trade
692,Capital Trust
693,Caplin
694,Capricorn
695,Capri Global
696,Caprihans India
697,Caprolactam
698,Captain Pipes
699,Captain
701,Carborundum
702,Career Point Ltd
703,Care Ratings Ltd
704,Carnation
705,Cartrade Tech
706,Castrol India
707,Catvision
708,Cc Constructions
709,Ccl
710,Ccl Products
711,Cdg Petchem Ltd
712,Ceat Ltd
713,Ceejay Finance
714,Ceenik Exports
715,Ceeta Industries
716,Ce Info Systems
717,Ceinsys Tech Ltd
718,Celebrity
719,Cella Space Ltd
720,Cenlub
721,Centenial
722,Centerac
723,Central
725,Centrum Capital
726,Centum
727,Century Enka Ltd
728,Century
731,Cera
732,Cerebra
733,Cesc Ltd
734,Ces Ltd
735,Cg
736,Cg Vak
737,Chadha Paper Ltd
738,Chalet Hotels
739,Chamak Holdings
740,Chaman Lal
741,Chambal
743,Chandni Machines
744,Chandni
745,Chandra
747,Chandrima
748,Charms
749,Chartered
751,Chd Chemicals
752,Chembond
753,Chemcon
754,Chemcrux
755,Chemfab Alkalis
756,Chemiesynth Vapi
757,Chemo
758,Chemplast Sanmar
759,Chemtech
760,Chennai Ferrous
761,Chennai
763,Cheviot Ltd
764,Chitradurga
765,Chl Ltd
766,Choice
767,Choksi Imaging
768,Choksi
769,Cholamandalam
771,Chordia
772,Chothani Foods
773,Chowgule
774,Cian
775,Cian Healthcare
776,Cigniti
777,Cil Nova
778,Cil Securities
779,Cindrella
780,Cindrella Hotels
781,Cineline India
782,Cinerad
783,Cinevista Ltd
785,Cistro Telelink
786,Citadel
787,Citi Port
788,Citizen Infoline
789,Cityman Ltd
790,City Online
791,City Pulse
792,City Union Bank
793,Cj Gelatine
794,Clara Industries
795,Clariant
796,Classic
800,Clean
801,Cl Educate Ltd
802,Clio Infotech
803,Cmi Ltd
804,Cmm
805,Cms Info Systems
806,Cni Research Ltd
808,Coastal
809,Coastal Roadways
810,Cochin
812,Cochin Shipyard
813,Coffee Day
814,Coforge Ltd
815,Colgate
816,Colinz
817,Colorchips
818,Comfort
819,Comfort Fincap
820,Comfort Intech
821,Commercial Eng
822,Commercial
823,Competent
824,Compuage Infocom
825,Compucom
826,Conart Engineers
827,Concord Drugs
828,Confidence
831,Consecutive
832,Consolidated
834,Constronics
835,Container
836,Contil India Ltd
837,Continental
842,Control Print
843,Coral India
844,Coral
845,Coral Newsprints
846,Cords
847,Coromandel
850,Corporate
852,Cosco India Ltd
853,Cosmo Ferrites
854,Cosmo Films Ltd
855,Cospower
856,Cosyn Ltd
857,Country
858,Country Condos
859,Cox Kings Ltd
860,Craftsman
861,Crane
862,Cranes
863,Cranex Ltd
864,Cravatex Ltd
865,Creative
866,Creative Eye Ltd
868,Creditaccess
869,Cressanda
870,Crestchem Ltd
871,Crest Ventures
872,Crimson
873,Crisil Ltd
874,Crompton
875,Crown Lifters
876,Crown Tours Ltd
877,Csb Bank Ltd
878,Csl Finance Ltd
879,Cubex Tubings
880,Cubical
881,Cummins India
882,Cupid Ltd
883,Cwd Ltd
884,Cybele
885,Cybermate
886,Cyber Media
887,Cybertech
888,Cyient Ltd
889,Daawat Lt Foods
890,Dabur India Ltd
891,Dai Ichi
892,Daikaffil
893,Dalal
894,Dalmia Bharat
895,Dalmia
896,Damodar
897,Dangee Dums Ltd
898,Danlaw
899,Danube
900,Darjeeling
901,Darshan Orna Ltd
902,Datamatics
903,Data Patterns
904,Datasoft
905,Datiware
906,Daulat
907,Davangere
908,Db Corp Ltd
909,Db
910,Db Realty Ltd
911,Dcb Bank Ltd
912,Dc
913,Dcm
914,Dcm Ltd
915,Dcm Nouvelle Ltd
917,Dcm Shriram Ind
919,Dcw Ltd
920,Debock
921,Deccan Bearings
922,Deccan Cements
923,Deccan Gold
924,Deccan Health
925,Deccan Polypacks
926,Decillion
927,Decipher Labs
928,Deco Mica Ltd
929,Decorous
930,Deepak
931,Deepak Nitrite
932,Deepak Spinners
933,Deep Diamond
934,Deep Energy
935,Deep Industries
936,Deep Polymers
937,Delphifx Ltd
938,Delta Corp Ltd
939,Delta
941,Delton Cables
942,Denis Chem Lab
943,Den Networks Ltd
944,De Nora India
945,Desh
946,Destiny
947,Devhari Exports
948,Devine Impex Ltd
949,Dev Info
950,Devinsu Trading
951,Devki
952,Devoted
953,Devyani
954,Dfm Foods Ltd
955,Dhabriya
956,Dhampure
957,Dhampur Sugar
958,Dhanada Corp Ltd
959,Dhanalaxmi
960,Dhanashree
961,Dhani
962,Dhanlaxmi Bank
963,Dhanlaxmi Cotex
964,Dhanlaxmi
965,Dhanuka Agritech
966,Dhanuka Realty
967,Dhanvantri
968,Dhanvarsha
969,Dharamsi
970,Dharani Finance
971,Dharani
972,Dhenu
973,Dh India Ltd
974,Dhoot
975,Dhp India Ltd
976,Dhruva
977,Dhruv
978,Dhruv Estates
979,Dhruv Wellness
980,Dhunseri
983,Diamines
984,Diamond
985,Diana Tea
986,Dic India Ltd
987,Diggi Multitrade
988,Digicontent Ltd
989,Digispice
990,Digjam Ltd
991,Diksat
992,Diksha Greens
993,Dil Fermenta
994,Diligent
996,Dilip Buildcon
997,Disa India Ltd
998,Disha Resources
999,Dishman
1000,Dish Tv Ltd
1002,Divyashakti
1003,Dixon
1004,Dj
1005,Dk
1006,Dlf Ltd
1007,Dlink India Ltd
1008,Dmart
1009,Dmr
1010,Dodla Dairy Ltd
1011,Dolat
1012,Dolfin Rubbers
1013,Dollar
1014,Dolphin
1015,Donear
1016,Dp Abhushan Ltd
1017,Dpsc Ltd
1018,Dp Wires Ltd
1019,Dra Consultants
1020,Dr
1021,Drc Systems
1022,Dredging
1025,Dr Lal Pathlabs
1027,Drs Dilip
1028,Dsj
1029,Ducon
1030,Du
1031,Duke Offshore
1032,Duncan
1033,Duro Pack Ltd
1034,Duroply
1035,Dutron Polymers
1036,Dwarikesh
1037,Dynacons
1038,Dynamatic
1039,Dynamic
1040,Dynamic Cables
1043,Dynamic Srvcs
1044,Dynavision Ltd
1045,Dynemic Products
1046,E2E Networks Ltd
1047,Earum
1048,Easemytrip
1049,East Buildtech
1050,East Coast Steel
1051,Eastern
1052,Eastern Treads
1053,East West
1054,Easun
1055,Easun Reyrolle
1056,Eclerx
1057,Ecoboard
1058,E Com
1059,Econo Trade Ltd
1060,Ecoplast Ltd
1061,Eco Recycling
1062,Ecs Biztech Ltd
1063,Edelweiss
1064,Educomp
1066,Eid Parry Ltd
1067,Eih
1068,Eih Hotels Ltd
1069,Eimco Elecon Ltd
1070,Ejecta Marketing
1071,Ekam Leasing
1072,Eki Energy
1073,E Land Apparel
1074,Elango
1075,Elantas Beck
1076,Elcid
1077,Eldeco
1078,Elecon
1079,Electrosteel
1080,Electrotherm Ltd
1081,Elegant
1083,Elgi Equipments
1084,Elgi Rubber
1085,Elitecon
1086,Elixir Capital
1087,Ellora Trading
1088,Elnet
1089,Elpro
1090,Ema India Ltd
1091,Emami Ltd
1092,Emami Paper
1093,Emami Realty Ltd
1094,Embassy
1095,Emco Ltd
1096,Emerald
1097,Emkay
1099,Emmbi Industries
1100,Emmessar Biotech
1101,Empire
1102,Enbee Trade
1103,Endurance
1104,Energy
1105,Engineers India
1106,Enil
1107,Enkei Wheels Ltd
1108,Enterprise
1109,Envair
1110,Epic Energy Ltd
1111,Epl Essel
1112,Epsom Properties
1113,Equippp
1114,Equitas Holdings
1115,Equitas
1116,Eris
1117,Eros
1118,Erp Soft Systems
1119,Esaar India Ltd
1120,Esab India Ltd
1121,Escorp
1122,Escorts Finance
1123,Escorts Ltd
1124,Esha Media
1125,Essar Securities
1126,Essar Shipping
1127,Ester Industries
1128,Ett Ltd
1129,Eureka
1130,Euro Asia
1131,Euro India
1132,Euro Leder
1133,Euro Panel
1134,Eurotex
1135,Evans Electric
1136,Eveready
1137,Everest
1139,Everest Organics
1140,Evergreen
1141,Everlon
1142,Evexia Lifecare
1143,Excel Industries
1144,Excel Realty
1145,Exide Industries
1146,Expleo Solutions
1147,Explicit Finance
1148,Expo Gas
1149,Exxaro Tiles Ltd
1150,Fabino Life
1151,Facor Alloys Ltd
1152,Fact
1153,Fairchem
1155,Faze Three
1156,Faze Three Ltd
1157,Fcs
1158,Fdc
1159,Federal Bank Ltd
1160,Federal
1161,Felix Industries
1162,Fervent
1163,Fgp Ltd
1164,Fiberweb India
1165,Fiem Industries
1166,Filatex Fashions
1167,Filatex India
1168,Filtra
1169,Fine Line
1170,Fine
1171,Fineotex
1172,Finkurve
1173,Finolex Cables
1174,Finolex
1175,Fino Payments
1176,First
1177,Firstobject
1178,Firstsource
1179,Fischer Chemic
1180,Five X Tradecom
1181,Flex Foods Ltd
1182,Flexituff
1183,Flomic
1184,Flora Textiles
1185,Fluidomat Ltd
1186,F
1187,Foce India Ltd
1188,Focus
1190,Foods Inns Ltd
1191,Forbes Company
1192,Force Motors Ltd
1193,Fortis
1195,Fortune
1196,Foseco India Ltd
1197,Foundry
1198,Fourth
1199,Franklin
1201,Fraser And
1202,Fredun
1203,Freshtrop Fruits
1204,Frontier Capital
1205,Frontier Springs
1206,Frontline
1207,Fruition Venture
1208,Fundviser
1209,Future Consumer
1210,Future
1213,Future Retail
1215,Futuristic
1217,Gabriel India
1218,Gaekwar Mills
1219,Gagan Gases Ltd
1220,Gagan Polycot
1221,Gail Ltd
1222,Gajanan
1223,Gajra Bevel
1224,Galactico
1225,Galada Finance
1226,Galada Power
1227,Gala Global
1228,Galaxy
1229,Galaxy Bearings
1232,Gallantt Ispat
1233,Gallantt Metal
1234,Gallops
1235,Gandhi
1236,Ganesha
1237,Ganesh
1238,Ganesh Films
1239,Ganesh Holdings
1241,Ganga Forging
1242,Ganga Papers
1243,Ganga
1244,Ganges
1245,Ganon Products
1246,Garbi Finvest
1247,Garden
1248,Garg Furnace Ltd
1249,Garment
1250,Garnet
1252,Garodia
1253,Garware
1258,Gateway
1259,Gati Ltd
1260,Gautam Exim Ltd
1261,Gautam Gems Ltd
1262,Gayatri
1263,Gayatri Highways
1264,Gayatri Projects
1265,Gayatri Sugars
1267,Gbl Industries
1268,Gcm Capital
1269,Gcm
1270,Gcm Securities
1271,Gdl Leasing
1272,Geecee Ventures
1273,Geekay Wires Ltd
1274,Gee Ltd
1275,Gem Spinners
1276,Gemstone
1277,Genera Agri Corp
1278,General
1279,Generic
1281,Genesis Ibrc
1282,Genesys
1283,Gennex
1284,Genomic
1285,Gensol
1286,Genus Paper
1287,Genus
1288,Genus Prime
1289,Geojit
1290,Ge Power India
1291,Getalong
1292,Ge Td India Ltd
1293,Gfl
1294,Gg Automotive
1295,Gg
1296,Gg Engineering
1297,Ghcl Ltd
1298,Gian Life Care
1299,Gic Housing
1300,Gi
1301,Gilada
1302,Gillanders
1303,Gillette India
1304,Gini Silk Mills
1305,Ginni Filaments
1306,Giriraj Civil
1307,Gita
1308,Gkb Ophthalmics
1309,Gk Consultants
1310,Gkp
1311,Gkw Ltd
1312,Glance Finance
1313,Gland Pharma Ltd
1314,Glaxosmithkline
1315,Glenmark
1317,Glittek Granites
1318,Global
1319,Global Education
1320,Globalspace
1322,Globe
1325,Globus
1326,Globus Spirits
1327,Gloster Ltd
1328,Gm Breweries Ltd
1329,Gmm Pfaudler Ltd
1330,Gm Polyplast Ltd
1331,Gmr
1332,Gna Axles Ltd
1333,Gnfc Ltd
1334,Goa Carbon Ltd
1335,Goblin India Ltd
1336,Go Colors Ltd
1337,Godavari Drugs
1338,Godawari
1339,Godfrey
1340,Godha
1341,Godrej Agrovet
1342,Godrej
1345,Goenka
1347,Gogia
1348,Gokak Textiles
1349,Gokaldas Exports
1350,Gokul Agro
1351,Gokul
1352,Gold Coin
1353,Goldcrest
1354,Golden Carpets
1355,Golden
1356,Golden Tobacco
1357,Goldiam
1358,Gold
1359,Gold Rock
1360,Goldstar Power
1361,Goldstone
1362,Golechha
1363,Golkonda
1364,Golkunda
1365,Goodluck India
1366,Goodricke Group
1367,Goodyear India
1368,Gopala Polyplast
1369,Gopal
1370,Gorani
1371,Gothi Plascon
1372,Gowra
1373,Goyal Associates
1374,Gp Petroleums
1375,Gpt
1376,Grand Foundry
1377,Granules India
1378,Graphite India
1380,Gratex
1381,Grauer Weil
1382,Graviss
1383,Gravita India
1384,Gravity India
1385,Great
1386,Greaves Cotton
1387,Greencrest
1388,Greenlam
1389,Greenpanel
1390,Greenply
1391,Gretex
1393,Greycells
1394,Grindwell Norton
1395,Gr Infraprojects
1396,Grm Overseas Ltd
1397,Grob Tea Company
1398,Grovy India Ltd
1399,Gs Auto
1400,Gsb Finance Ltd
1401,Gsl Securities
1402,Gss Infotech Ltd
1403,Gtl Global
1404,Gtl
1405,Gtn Industries
1406,Gtn Textiles Ltd
1407,Gtpl Hathway Ltd
1408,Gtv Engineering
1409,Gufic
1410,Gujarat
1414,Gujarat Cotex
1416,Gujarat Credit
1419,Gujarat Gas Ltd
1420,Gujarat Hotels
1421,Gujarat Hyspin
1423,Gujarat Intrux
1424,Gujarat Investa
1439,Gujarat Toolroom
1440,Gujchem
1441,Gulf Oil
1442,Gulf
1443,Gulshan Polyols
1444,Gv Films Ltd
1445,Gyan
1446,Gyscoal Alloys
1447,Halder Venture
1448,Haldyn Glass Ltd
1449,Hal
1450,Hanman Fit Ltd
1451,Happiest
1452,Hardcastle
1453,Hardwyn India
1454,Haria Apparels
1455,Haria Exports
1456,Hari
1457,Harish
1458,Hariyana Metals
1459,Hariyana
1460,Harmony
1461,Harrison
1462,Haryana Capfin
1463,Haryana
1464,Hasti Finance
1465,Hathway
1467,Hatsun Agro
1468,Havells India
1469,Hawa Engineers
1470,Hawkins Cookers
1471,Hazoor
1472,Hb Estate
1473,Hb
1474,Hbl Power
1475,Hb Portfolio Ltd
1476,Hb Stockholdings
1477,Hcc
1478,Hcg
1479,Hckk Ventures
1480,Hcl Infosystems
1482,Hdfc
1485,Hdfc Ltd
1486,Hdil Ltd
1487,Healthy
1488,Hec Infra
1489,Heera Ispat Ltd
1490,Heg Ltd
1491,Heidelberg
1492,Helpage Finlease
1493,Hemang Resources
1494,Hemisphere
1495,Hemo Organic Ltd
1496,Heranba
1497,Hercules Hoists
1498,Heritage Foods
1500,Hester
1501,Hexa Tradex Ltd
1502,Hg Infra
1503,Hgs
1504,High Energy
1505,High Street
1506,Hikal Ltd
1507,Hi
1508,Hiliks
1509,Hilton Metal
1510,Himachal Fibres
1511,Himachal
1512,Himadri
1513,Himalaya
1514,Himalya
1515,Himatsingka
1516,Him Teknoforge
1518,Hind
1519,Hind Commerce
1520,Hindcon
1521,Hindoostan Mills
1522,Hindprakash
1523,Hind Rectifiers
1528,Hindustan Copper
1530,Hindustan Foods
1531,Hindustan Hardy
1534,Hindustan Motors
1538,Hindustan Tin
1539,Hindustan Udyog
1541,Hindustan Zinc
1542,Hindusthan
1544,Hipolin Ltd
1545,Hira Automobiles
1546,Hisar
1548,Hitech
1549,Hitech Gears Ltd
1550,Hitech Pipes Ltd
1552,Hit Kit
1553,Hittco Tools Ltd
1554,Hkg Ltd
1555,Hle Glascoat Ltd
1556,Hmt Ltd
1557,Home
1558,Honda
1559,Honeywell
1560,Hotel Leela
1561,Hotel Rugby Ltd
1562,Housing
1563,Hov Services Ltd
1564,Howard Hotels
1565,Hp Adhesives Ltd
1566,Hp Cotton
1567,Hpl Electric
1568,Hsil Ltd
1569,Hs India Ltd
1570,Ht Media Ltd
1571,Hubtown Ltd
1572,Huhtamaki Ppl
1573,Humming
1574,Hyderabad
1575,Hypersoft
1576,Ib
1577,Icds Ltd
1578,Ice Make
1580,Icici
1582,Icici Securities
1583,Icl
1584,Icra Ltd
1585,Idbi Bank Ltd
1586,Idfc First Bank
1587,Idfc Ltd
1588,Id Info
1589,Iel Ltd
1590,Ifb Agro
1591,Ifb Industries
1592,Ifci Ltd
1593,Ifgl
1594,Ifl Enterprises
1595,Ifm Impex Global
1596,Igarashi
1597,Igc Industries
1598,Ig
1599,Iifl Finance Ltd
1600,Iifl Securities
1601,Iifl
1602,Iitl Projects
1603,Ikab
1604,Ilfs
1607,Im Capitals Ltd
1608,Imec Services
1609,Impex Ferro Tech
1610,Imp Powers Ltd
1611,Inani
1612,Inani Securities
1613,Incap Ltd
1614,Incon Engineers
1615,Incredible Ltd
1616,Ind Agiv
1617,Indag Rubber Ltd
1618,Ind Bank Housing
1619,Indbank
1620,Indergiri
1621,Indiabulls
1622,Indiabulls Ltd
1624,India
1625,India Cements
1626,India Finsec Ltd
1628,India Glycols
1629,India Green
1630,India Grid Trust
1631,India Home Loans
1632,India Infraspace
1635,Indiamart
1637,Indian Acrylics
1638,Indian Bank Ltd
1639,Indian Bright
1640,Indian
1642,Indian Hume Pipe
1645,Indianivesh Ltd
1651,Indian Sucrose
1655,India Pesticides
1656,India Radiators
1657,India Steel
1659,Indigo
1660,Indigo Paints
1661,Inditrade
1662,Indo Amines Ltd
1663,Indo Asia
1664,Indo Borax
1665,Indo City
1666,Indoco Remedies
1667,Indo Cotspin Ltd
1668,Indo Count
1669,Indo Credit
1670,Indo Euro
1671,Indo
1672,Indo Gulf
1673,Indokem Ltd
1674,Indo National
1676,Indosolar Ltd
1677,Indostar
1678,Indo Tech
1679,Indo Thai
1680,Indo Us Bio Tech
1681,Indowind Energy
1682,Indra Industries
1683,Indraprastha Gas
1684,Indraprastha
1685,Indrayani
1686,Ind
1687,Indsil
1688,Indsoya Ltd
1689,Ind Swift
1690,Ind Swift Ltd
1691,Inducto Steel
1692,Indus Finance
1694,Industrial
1696,Ineos
1697,Inertia Steel
1698,Infibeam Avenues
1699,Inflame
1700,Infobeans
1701,Infomedia Press
1702,Informed
1704,Infra Industries
1705,Infronics
1706,Ingersoll
1707,Inland Printers
1708,Innocorp Ltd
1709,Innovana
1710,Innovassynth
1711,Innovative
1714,Innovators
1715,Inox Leisure Ltd
1716,Inox Wind Energy
1717,Inox Wind Ltd
1718,Insecticides
1719,Insilco Ltd
1720,Inspirisys
1721,Intec Capital
1722,Integra
1724,Integrated
1728,Intellect
1729,Intellivate
1731,Intense
1732,Interactive
1733,Inter Globe
1734,International
1739,Inter
1740,Intrasoft
1741,Inventure
1742,Investment
1743,Iol
1744,Ion Exchange Ltd
1745,Io System Ltd
1746,Ipca
1747,Ip Rings Ltd
1748,Irb
1749,Irb Invit Fund
1750,Ircon
1751,Irctc Ltd
1752,Iris
1753,Iris Clothings
1754,Isf Ltd
1755,Isgec
1756,Ishaan
1757,Ishan
1758,Ishita Drugs
1759,Ishwarshakti
1760,Isl Consulting
1761,Ismt Ltd
1762,Ist Ltd
1763,Istreet Network
1765,Itd
1766,Itl Industries
1767,Ivp Ltd
1768,Iykot
1769,Izmo Ltd
1770,Jagan Lamps Ltd
1771,Jagatjit
1772,Jagjanani
1773,Jagran Prakashan
1774,Jagsonpal
1776,Jai Balaji
1777,Jai Corp Ltd
1778,Jaihind
1779,Jainam
1780,Jainco
1781,Jainex Aamcol
1782,Jain
1784,Jain Marmo
1785,Jain Studios Ltd
1786,Jaipan
1787,Jaiprakash
1788,Jakharia Fabric
1789,Jalan
1790,James Warren Tea
1791,Jamna Auto
1792,Jamshri Realty
1793,Janus
1794,Jasch Industries
1795,Jash Engineering
1796,Jatalia
1797,Jattashankar
1798,Jauss Polymers
1799,Jayabharat
1800,Jayant Agro
1801,Jayaswal
1802,Jayatma
1804,Jay Bharat
1805,Jaykay
1806,Jaypee Group Ltd
1807,Jaypee Infratech
1808,Jayshree
1809,Jay
1810,Jaysynth
1811,Jay Ushin Ltd
1812,Jb
1813,Jbf Industries
1814,Jbm Auto Ltd
1815,Jct Ltd
1816,Jd Orgochem Ltd
1817,Jeevan
1818,Jenburkt
1819,Jet Airways Ltd
1820,Jet Freight
1821,Jet Infraventure
1822,Jetking
1823,Jet Knitwears
1824,Jetmall
1825,Jhandewalas
1826,Jhaveri
1827,Jhs Svend Lab
1828,Jigar Cables Ltd
1829,Jik Industries
1830,Jinaam Dress Ltd
1831,Jindal Capital
1832,Jindal
1833,Jindal Hotels
1834,Jindal Leasefin
1835,Jindal Photo Ltd
1836,Jindal Poly
1838,Jindal Saw Ltd
1839,Jindal Stainless
1840,Jindal Steel Ltd
1841,Jindal Worldwide
1842,Jitf
1843,Jiya Eco
1844,Jj Finance Ltd
1845,Jk Agri Genetics
1846,Jk Bank Ltd
1847,Jk Cement Ltd
1848,Jk Lakshmi
1849,Jk Paper Ltd
1850,Jk Tyre
1851,Jkumar
1852,Jla
1853,Jl Morison Ltd
1854,Jmc Projects Ltd
1855,Jm Financial Ltd
1856,Jmg Corp Ltd
1857,Jmt Auto Ltd
1858,Jocil Ltd
1859,John
1860,Johnson
1861,Joindre
1862,Jointeca
1863,Jonjua Overseas
1864,Joonktollee
1865,Josts
1866,Joy Realty Ltd
1867,Jpt Securities
1868,Jr Foods Ltd
1869,Jsg Leasing Ltd
1870,Jsl Industries
1871,Jsl Jindal
1872,Jsw Energy Ltd
1873,Jsw
1876,Jtaparia
1877,Jtekt India Ltd
1878,Jtl Infra Ltd
1879,Jubilant
1883,Jullundur
1884,Jumbo Bag Ltd
1885,Jumbo Finance
1886,Jump Networks
1887,Jupiter
1889,Just Dial Ltd
1890,Justride
1891,Jyothy
1892,Jyoti Ltd
1893,Jyot
1894,Jyoti
1895,Jyoti Structures
1896,Kaarya
1897,Kabra Commercial
1898,Kabra Drugs Ltd
1899,Kabra
1900,Kabsons
1901,Kachchh Minerals
1902,Kaira Can
1903,Kaiser
1904,Kajaria Ceramics
1905,Kakatiya
1907,Kallam Textiles
1908,Kalpataru
1909,Kalyani
1910,Kalyani Forge
1912,Kalyani Steels
1913,Kalyan Jewellers
1914,Kamadgiri
1915,Kama Holdings
1916,Kamanwala
1917,Kamat Hotels Ltd
1918,Kamdhenu Ltd
1919,Kamron
1920,Kanani
1921,Kanchi Karpooram
1922,Kanco Tea
1923,Kandagiri
1924,Kanel Industries
1925,Kanishk
1926,Kanoria
1927,Kanpur
1928,Kansai
1929,Kansal Fibres
1930,Kanungo
1931,Kapashi
1932,Kapil Cotex Ltd
1933,Kapil Raj
1934,Kapston
1935,Karan Woo Sin
1936,Karma Energy Ltd
1937,Karnataka Bank
1938,Karnavati
1939,Karnimata
1940,Kartik
1941,Karur Vysya Bank
1942,Katare
1943,Kaushalya
1944,Kauvery Hospital
1945,Kaveri Seed
1946,Kavita Fabrics
1947,Kavveri
1948,Kaya Ltd
1949,Kaycee
1950,Kay Power Paper
1951,Kbc Global Ltd
1952,Kbs India Ltd
1953,Kcd
1954,Kcl Infra
1955,Kcp Ltd
1956,Kcp
1957,Kddl Ltd
1958,Kd Leisures Ltd
1959,Kec
1960,Kedia
1961,Keerthi
1962,Keerti
1963,Kei Industries
1964,Kellton
1965,Keltech Energies
1966,Kemistar
1967,Kemp And Company
1968,Kennametal India
1969,Kenvi Jewels Ltd
1970,Kerala Ayurveda
1971,Kernex
1972,Kesar
1973,Kesar Petro
1975,Kesoram
1976,Kewal Kiran
1977,Key Corp Ltd
1978,Keynote
1979,Kg Denim Ltd
1980,Kg Petrochem Ltd
1981,Khadim India Ltd
1982,Khaitan
1983,Khaitan India
1984,Khandelwal
1985,Khandwala
1986,Khatau Exim Ltd
1987,Khemani
1988,Khfm Hospitality
1989,Khoday India Ltd
1990,Khoobsurat Ltd
1991,Khyati
1992,Kic Metaliks Ltd
1993,Kiduja India Ltd
1994,Kifs
1995,Kilburn
1996,Kilitch Drugs
1997,Kilpest India
1998,Kimia
1999,Kinetic
2000,Kinetic Trust
2001,Kingfa
2002,Kings Infra
2003,Kintech
2004,Kiocl
2005,Kiran Print Pack
2006,Kiran Syntex Ltd
2007,Kiran Vyapar Ltd
2008,Kiri Industries
2009,Kirloskar
2015,Kisan Mouldings
2016,Kitex Garments
2017,Kjmc
2018,Kjmc Global
2019,Kkalpena
2021,Kk Fincorp Ltd
2022,Kkv Agro Powers
2023,Klg Capital
2024,Klk Electrical
2025,Kmf
2026,Kmg Milk Food
2027,Kms Medisurgi
2028,Km Sugar Mills
2029,Knowledge
2030,Knr
2031,Kokuyo Camlin
2032,Kolte
2033,Kome On
2034,Konark
2035,Konndor
2036,Kopran Ltd
2037,Kore Foods Ltd
2039,Kothari
2041,Kothari Products
2043,Kotia
2044,Kotyark
2045,Kovai
2046,Kovalam
2047,Kovilpatti
2048,Kp Energy Ltd
2049,Kpi Global Infra
2050,Kpit
2051,Kpr Mill Ltd
2052,Kpt Industries
2053,Kranti
2054,Kratos
2055,Krbl Ltd
2056,Krebs
2057,Kreon
2058,Kretto Syscon
2059,Kridhan Infra
2060,Krishana
2061,Krishna
2064,Krishna Ventures
2065,Kriti
2066,Kritika Wires
2067,Kriti Nutrients
2068,Kr Rail
2069,Krsnaa
2070,Krypton
2071,Ksb Ltd
2072,Kse Ltd
2073,Kshitij Polyline
2074,Ksolves India
2075,Kuantum Papers
2076,Kuberan
2077,Kuber Udyog Ltd
2078,Kunstoffe
2079,Kusam
2080,Kushal Ltd
2081,Kush Industries
2082,Kuwer Industries
2083,Kwality
2084,Kz Leasing
2085,Lactose India
2086,Ladam
2087,Ladderup Finance
2088,Laffans
2089,Lagnam Spintex
2090,Lahoti Overseas
2091,Lakhotia
2092,Lakshmi
2096,Lakshmi Mills
2098,Lambodhara
2099,Lancer
2100,Lancor Holdings
2101,Landmark
2102,La Opala Rg Ltd
2103,Lasa
2104,Latent View
2105,La Tim
2106,Latteys
2107,Laurus Labs Ltd
2108,Laxmi Cotspin
2109,Laxmi
2111,Laxmipati
2112,Lcc Infotech Ltd
2113,Lead
2114,Leading
2115,Leena
2116,Lee Nee
2117,Lehar Footwears
2118,Lemon Tree
2119,Lerthai Finance
2120,Lesha Industries
2121,Lex Nimble
2122,Lexus Granito
2123,Lg
2124,Lgb Forge Ltd
2125,Libas Consumer
2126,Liberty Shoes
2127,Libord Finance
2128,Libord
2129,Lic Housing
2130,Likhami
2131,Likhitha
2132,Lime Chemicals
2133,Linaks
2134,Lincoln
2135,Linc Pen
2136,Linde India Ltd
2137,Link Pharma Chem
2138,Lippi Systems
2139,Lkp Finance Ltd
2140,Lkp Securities
2141,Lloyds
2143,Lohia Securities
2144,Lokesh Machines
2145,Longview Tea
2146,Looks
2147,Lords Chloro
2148,Lords Ishwar
2149,Lorenzini
2150,Lotus Chocolate
2151,Lotus Eye
2152,Lovable Lingerie
2153,Loyal Equipments
2154,Loyal
2155,Lt Finance
2156,Lti
2158,Lt
2159,Ludlow
2160,Luharuka
2161,Lumax
2162,Lumax Industries
2163,Lupin Ltd
2164,Lux Industries
2165,Lws Knitwear Ltd
2166,Lyka Labs Ltd
2167,Lykis Ltd
2168,Lynx
2169,Lypsa Gems
2170,Maan Aluminium
2171,Mac Charles Ltd
2172,Machino Plastics
2173,Mac Hotels Ltd
2174,Macpower
2175,Macro
2176,Macrotech
2177,Madhav Copper
2178,Madhav
2180,Madhucon
2181,Madhusudan
2183,Madhuveer
2184,Madhya Bharat
2185,Madhya
2186,Madras
2187,Maestros
2188,Mafatlal
2189,Magadh Sugar
2190,Magellanic Cloud
2191,Magna
2192,Magnanimous
2193,Magnum Ventures
2194,Mahaan Foods Ltd
2195,Mahalaxmi
2197,Mahamaya
2198,Mahanagar Gas
2199,Mahanagar
2200,Mahan Industries
2201,Maha
2202,Maharashtra
2205,Mahashree
2206,Mahaveer Infoway
2207,Mahavir
2208,Mahesh
2209,Maheshwari
2210,Mahickra
2218,Maithan Alloys
2219,Maitri
2220,Majestic Auto
2221,Majestic
2222,Makers
2223,Mallcom Ltd
2224,Malu Paper Mills
2225,Manaksia
2227,Manaksia Ltd
2228,Manaksia Steels
2229,Manali
2230,Manappuram
2231,Manas Properties
2232,Manav Infra
2233,Mandhana
2234,Mangalam Cement
2235,Mangalam
2238,Mangalam Seeds
2240,Mangal
2241,Mangalore
2242,Man Industries
2243,Man
2244,Manipal Finance
2245,Manjeera
2246,Manomay Tex
2247,Manorama
2248,Manraj
2249,Mansi Finance
2250,Mansoon Trading
2251,Manugraph India
2252,Manvijay
2253,Maral Overseas
2254,Marathon
2255,Marg Ltd
2256,Margo Finance
2257,Marg Techno
2258,Marico Ltd
2259,Marine
2260,Maris Spinners
2261,Market Creators
2262,Markolines
2263,Marksans Pharma
2264,Marshall
2265,Martin Burn Ltd
2266,Maruti
2269,Marvel Decor Ltd
2270,Mas
2271,Mask Investments
2272,Mastek Ltd
2273,Master Chemicals
2274,Master Trust Ltd
2275,Mather
2276,Mathew
2277,Matrimony Com
2278,Mauria Udyog Ltd
2279,Mawana Sugars
2280,Max Alert
2281,Max
2284,Maximus
2285,Max India Ltd
2287,Mayukh Dealtrade
2288,Mayur Floorings
2289,Mayur
2290,Mayur Uniquoters
2291,Mazagon
2292,Mazda Ltd
2293,Mbl
2294,Mcdowell
2295,Mcleod Russel
2296,Mcnally
2297,Media
2298,Medicamen
2299,Medi Caps Ltd
2300,Medico
2301,Medico Remedies
2302,Medinova
2303,Medplus
2304,Meenakshi
2305,Meera Industries
2306,Mefcom
2307,Mega Corporation
2308,Mega Fin India
2309,Mega
2310,Megasoft Ltd
2311,Megastar Foods
2312,Meghmani
2314,Meglon Infra
2315,Megri Soft Ltd
2316,Mehai Technology
2317,Mehta
2319,Mehta Securities
2320,Melstar
2321,Mena Mani
2322,Menon Bearings
2323,Menon Pistons
2324,Mep
2325,Mercantile
2326,Mercator Ltd
2327,Mercury
2328,Mercury Trade
2329,Metal
2330,Metalyst
2331,Metro Brands Ltd
2332,Metroglobal Ltd
2333,Metropolis
2334,Mewar
2335,Mewat Zinc Ltd
2336,Meyer Apparel
2337,Mfl India Ltd
2338,Mfs Intercorp
2339,Mgel
2340,Mic Electronics
2341,Microse India
2342,Midas Infra
2343,Mideast
2344,Mid
2345,Midhani
2346,Mid India
2347,Midwest Gold Ltd
2348,Mihika
2349,Milestone
2350,Milestone Global
2351,Milgrey
2352,Milkfood Ltd
2353,Millennium
2354,Milton
2355,Minaxi Textiles
2356,Minda
2357,Minda Industries
2358,Mindpool
2359,Mindspace
2360,Mindteck Ltd
2361,Mindtree Ltd
2362,Mini Diamonds
2363,Minolta Finance
2364,Mirc Electronics
2365,Mirch
2366,Mirza
2367,Mishka Exim Ltd
2368,Mishtann Foods
2369,Misquita
2370,Mitcon Con
2371,Mitshi India Ltd
2372,Mitsu Chem Plast
2373,Mittal Life
2374,Miven Machine
2375,Mk Exim India
2376,Mk Proteins Ltd
2377,Mm Forgings Ltd
2378,Mmp Industries
2379,Mm Rubbe Ltd
2380,Mmtc Ltd
2381,Modella Woollens
2382,Modern
2383,Modern Dairies
2386,Modern Steels
2387,Modi Naturals
2388,Modipon Ltd
2389,Modi Rubber Ltd
2390,Modison Metals
2391,Modulex
2392,Mohini
2393,Mohite
2394,Mohit Industries
2395,Mohit Paper
2396,Mohota
2397,Moil Manganese
2398,Moksh Ornaments
2399,Mold Tek
2401,Monarch
2402,Moneyboxx
2403,Money
2404,Monnet
2406,Monte Carlo
2407,Moongipa
2409,Morarjee
2410,Morarka Finance
2411,Morepen
2412,Morganite
2413,Morgan Ventures
2414,Moschip
2415,Motherson
2416,Motilal
2417,Motor
2418,Mount
2420,Mp Agro
2421,Mphasis Ltd
2422,Mpil Corporation
2423,Mpl Plastics Ltd
2424,Mps Ltd
2425,Mrc Exim Ltd
2426,Mrf Ltd
2427,Mr Organisation
2428,Mro Tek Reality
2429,Mrp Agro Ltd
2430,Mrpl
2431,Mrs
2432,Mrugesh Trading
2433,Msp Steel Power
2434,Msr India Ltd
2435,Mstc Ltd
2436,Mtar
2437,Mt Educare Ltd
2438,Mudra
2439,Mudunuru Ltd
2440,Mukand Engineers
2441,Mukand Ltd
2442,Mukat Pipes Ltd
2443,Mukesh
2444,Mukta
2445,Mukta Arts Ltd
2446,Muller Phipps
2447,Multibase India
2448,Multi
2449,Multiplus
2450,Multipurpose
2451,Munjal
2452,Munjal Showa Ltd
2453,Munoth
2456,Murudeshwar
2457,Music Broadcast
2458,Muthoot
2459,Muthoot Finance
2460,Muzali Arts Ltd
2461,My Money
2462,Mysore
2463,Mystic
2464,N2N Technologies
2465,Naapbooks Ltd
2466,Nacl Industries
2467,Naga Dhunseri
2468,Nagarjuna
2470,Nagpur
2471,Nagreeka
2472,Nagreeka Exports
2473,Nahar
2475,Nahar Poly Films
2477,Nakoda
2478,Nalin Lease
2479,Nalwa Sons
2480,Nam Securities
2481,Nandan Denim Ltd
2482,Nandani Creation
2483,Narayana
2484,Narayani Steels
2485,Narbada
2486,Narendra
2488,Narmada Agrobase
2489,Narmada
2491,Natco Pharma Ltd
2492,Nath Bio Genes
2493,Nath Industries
2494,National
2498,National Oxygen
2502,National Plywood
2505,Natraj Proteins
2506,Natura Hue Chem
2507,Natural Biocon
2508,Natural Capsules
2509,Naturite
2510,Naukri Info Edge
2511,Nava Bharat
2512,Navigant
2513,Navin
2514,Navkar Builders
2515,Navkar
2516,Navketan
2517,Navneet
2518,Navoday
2519,Naysaa
2520,Nazara
2521,Nbcc Ltd
2522,Nb Footwear Ltd
2523,Nbi
2524,Ncc Blue
2525,Ncc
2526,Ncl Industries
2527,Ncl
2528,Nda Securities
2529,Nd Metal
2530,Ndr Auto
2531,Ndtv Ltd
2532,Nectar
2533,Neelamalai
2534,Neelkanth
2535,Neeraj
2536,Neil Industries
2537,Nelcast Ltd
2538,Nelco Ltd
2539,Nel Holdings
2540,Neogem India Ltd
2541,Neogen Chemicals
2542,Neo Infracon Ltd
2543,Neptune Exports
2544,Nesco Ltd
2546,Netlink
2547,Net
2548,Netripples
2549,Nettlinx Ltd
2550,Network 18 Media
2551,Neueon Towers
2552,Neuland
2553,Newgen
2554,New Light
2555,New Markets
2556,Next Mediaworks
2557,Nexus
2558,Ng Industries
2559,Ngl Fine Chem
2560,Nhc Foods Ltd
2561,Nhpc Ltd
2562,Nicco Parks
2563,Nidan Labs
2564,Nidhi Granites
2565,Nihar Info
2566,Niit Ltd
2567,Nikhil Adhesive
2568,Nikki Global
2569,Niks Technology
2570,Nilachal
2571,Nila
2572,Nila Spaces Ltd
2573,Nile Ltd
2574,Nilkamal
2575,Nilkanth
2576,Nimbus Projects
2577,Nintec Systems
2578,Nippon
2579,Niraj
2581,Nirav Commercial
2582,Nirlon Ltd
2583,Nirmitee
2584,Nitco Ltd
2585,Nitin Castings
2586,Nitin
2587,Nitin Spinners
2588,Nitiraj
2589,Nitta Gelatin
2590,Nivaka Fashions
2591,Nivi Trading Ltd
2592,Niyogin Fintech
2593,Nk Industries
2594,Nlc India Ltd
2595,Nmdc Ltd
2596,Nocil Ltd
2597,Noida Toll
2598,Norben Tea
2599,Norris Medicines
2600,North
2601,Northern
2602,Northern Spirits
2603,Northlink
2604,Nouveau
2605,Nova Iron Steel
2606,Nova
2607,Novartis India
2608,Novateor
2609,Npr Finance Ltd
2610,Npst Ltd
2611,Nr Agarwal
2612,Nrb Bearings Ltd
2613,Nrb
2614,Ntc Industries
2616,Nucleus Software
2617,Nupur Recyclers
2618,Nureca Ltd
2619,Nutech Global
2620,Nutricircle Ltd
2621,Nuvoco Vistas
2622,Nuway
2623,Nxtdigital Ltd
2624,Nykaa Ltd
2625,Nyssa
2626,Oasis Securities
2627,Oberoi Realty
2628,Objectone
2629,Oceanaa
2630,Oceanic Foods
2631,Octal Credit
2632,Octavius
2633,Octaware
2634,Odyssey
2636,Oil Country
2637,Oil India Ltd
2639,Ok Play India
2640,Olectra
2641,Olympia
2642,Olympic Cards
2643,Olympic
2644,Omansh
2645,Omax Autos Ltd
2646,Omaxe Ltd
2647,Omega
2648,Omfurn India Ltd
2649,Omkar Overseas
2650,Omkar Pharmachem
2651,Omkar
2652,Om Metals
2653,Omni Axs
2654,Omnipotent
2655,Omnitex
2656,Onelife Cap
2657,One Point
2658,Onesource
2659,Onmobile Global
2660,Ontic Finserve
2661,Onward
2662,Op Chains Ltd
2663,Optiemus
2664,Optimus Finance
2665,Opto Circuits
2666,Oracle Credit
2667,Oracle
2668,Orbit Exports
2669,Orchid
2670,Organic Coatings
2671,Oricon
2672,Orient Abrasives
2673,Oriental
2675,Oriental Hotels
2676,Oriental Trimex
2678,Orient Bell Ltd
2679,Orient Beverages
2680,Orient Cement
2681,Orient Electric
2682,Orient Green
2683,Orient
2684,Orient Press Ltd
2686,Orient Tradelink
2687,Orissa
2689,Orosil Smiths
2690,Ortel
2691,Ortin
2692,Oscar Global Ltd
2693,Oseaspre
2694,Osia Hyper
2695,Osiajee Texfab
2696,Oswal Agro Mills
2697,Oswal
2698,Oswal Leasing
2699,Oswal Overseas
2700,Oswal Yarns Ltd
2701,Otco
2702,Overseas
2703,Ovobel Foods Ltd
2704,Ozone World Ltd
2705,Pacheli
2706,Pacific
2707,Padam Cotton
2708,Padmalaya
2709,Padmanabh
2710,Pae Ltd
2711,Page Industries
2712,Paisalo Digital
2713,Palash
2714,Palco Metals Ltd
2715,Palm Jewels Ltd
2716,Palred
2717,Palsoft
2718,Panacea Biotec
2719,Panache Digilife
2720,Panache
2721,Panafic
2722,Panama Petrochem
2723,Panasonic
2725,Panchmahal
2726,Panchsheel
2727,Pan Electroncis
2728,Pan India
2729,Panjon Ltd
2730,Pankaj
2731,Pankaj Polymers
2732,Panorama
2733,Pansari
2734,Panth Infinity
2735,Paos Industries
2736,Parag Milk Foods
2737,Paragon Finance
2738,Paramone
2739,Paramount
2741,Paras
2742,Par Drugs
2743,Pariksha
2744,Parin Furniture
2745,Parker
2746,Parle Industries
2747,Parmax Pharma
2748,Parmeshwari
2749,Parnax Lab Ltd
2750,Parsharti
2751,Parshva
2752,Parshwanath
2753,Parsvnath
2754,Parth Industries
2755,Party Cruisers
2756,Parvati
2757,Pasari
2758,Pashupati
2759,Pasupati Acrylon
2760,Pasupati
2761,Patdiam
2762,Patel
2765,Patels Airtemp
2766,Patidar Buildcon
2767,Patspin India
2768,Paul Merchants
2769,Paushak Ltd
2770,Pavna Industries
2771,Paytm Ltd
2772,Pazel
2773,Pba
2774,Pbm Polytex Ltd
2775,Pc Jeweller Ltd
2776,Pcs Technology
2777,Pds
2778,Pearl
2779,Pearl Polymers
2780,Pecos
2781,Pee Cee Cosma
2782,Peeti Securities
2783,Peninsula Land
2784,Pennar
2785,Penta Gold Ltd
2786,Pentokey Organy
2787,Peoples
2788,Perfect
2790,Perfectpac Ltd
2791,Peria
2792,Permanent
2793,Persistent
2794,Pervasive
2795,Petronet Lng Ltd
2796,Pfizer Ltd
2797,Pg Electroplast
2798,Pg Foils Ltd
2799,Pg Industry Ltd
2800,Phaarmasia Ltd
2801,Pharmaids
2802,Ph Capital Ltd
2803,Philips
2804,Phoenix
2805,Phoenix Mills
2806,Phoenix Township
2807,Phosphate
2808,Photon
2809,Photoquip India
2810,Ph Trading Ltd
2811,Phyto Chem India
2812,Piccadily
2814,Picturehouse
2815,Pidilite
2816,Pi Industries
2817,Pilani
2818,Pil Italica
2819,Pioneer
2823,Piramal
2824,Pithampur
2825,Pitti
2826,Pix
2827,Planter
2828,Plastiblends
2829,Platinumone
2830,Pmc Fincorp Ltd
2831,Pnb Gilts Ltd
2832,Pnb Housing
2833,Pnc Infratech
2834,Pocl Enterprises
2835,Poddar
2836,Poddar Pigments
2837,Pokarna Ltd
2838,Policy Bazaar
2839,Polo Hotels Ltd
2840,Polo
2841,Polson Ltd
2842,Polycab India
2843,Polychem Ltd
2844,Polycon
2845,Polylink
2846,Polymac
2847,Polymechplast
2848,Poly Medicure
2849,Polyplex
2850,Polyspin Exports
2851,Polytex India
2852,Pondy
2853,Ponni Sugars
2854,Pooja
2855,Poojawestern
2856,Poona
2857,Poonawalla
2858,Popular
2859,Porwal
2863,Power Mech
2864,Ppap Automotive
2865,Prabhat
2866,Prabhu
2867,Pradeep Metals
2868,Pradhin Ltd
2869,Prag
2870,Prajay
2871,Praj Industries
2872,Prakash
2873,Prakash Pipes
2874,Prakash Steelage
2876,Pranavaditya
2877,Prashant India
2878,Prataap Snacks
2879,Pratiksha
2880,Praveg
2881,Praxis Home
2882,Precision
2887,Precot Meridian
2888,Premco Global
2889,Premier
2891,Premier Ltd
2892,Premier Polyfilm
2894,Prem
2895,Prerna
2896,Pressman
2897,Prestige Estate
2898,Prevest Denpro
2899,Pricol Ltd
2900,Prima Agro Ltd
2901,Prima Industries
2902,Prima Plastics
2903,Prime Focus Ltd
2904,Prime Fresh Ltd
2905,Prime Industries
2906,Prime
2907,Prime Securities
2909,Prince
2910,Prism Finance
2911,Prism Johnson
2912,Prism
2913,Prismx
2914,Prithvi Exchange
2915,Priti
2916,Pritika Auto
2917,Pritish
2918,Priya Ltd
2919,Procter
2921,Pro Fin
2922,Progrex Ventures
2923,Prolife
2924,Promact Impex
2925,Promax Power Ltd
2926,Provestment
2927,Prozone
2928,Psp Projects Ltd
2929,Ptc
2930,Ptc India Ltd
2931,Ptc Industries
2932,Ptl Enterprises
2933,Pudumjee
2934,Pulsar
2935,Pulz Electronics
2936,Punctual Trading
2937,Punit
2938,Punjab
2942,Punjab Sind Bank
2943,Punj Lloyd Ltd
2944,Puravankara Ltd
2945,Purity Flex Pack
2946,Purohit
2947,Purple
2948,Purshottam
2949,Pvp Ventures Ltd
2950,Pvr Cinemas Ltd
2951,Pvv Infra Ltd
2952,Pyxis Finvest
2953,Qgo Finance Ltd
2954,Quadpro Ites Ltd
2955,Quadrant
2956,Quantum Build
2957,Quantum
2958,Quasar India Ltd
2959,Quess Corp Ltd
2960,Quest Softech
2961,Quick
2962,Quint Digital
2963,Raaj Medisafe
2964,Raasi
2965,Race Eco Chain
2966,Racl Geartech
2967,Radaan
2968,Radhagobind
2969,Radha
2970,Radhe Developers
2971,Radhey Trade
2972,Radhika
2973,Radico Khaitan
2974,Radix Industries
2975,Raghav
2976,Raghunath
2978,Raghuvansh
2979,Raghuvir
2980,Rahul
2981,Raideep
2982,Railtel
2983,Rail Vikas Nigam
2984,Rainbow Denim
2985,Rainbow
2986,Rain Industries
2987,Raja
2988,Rajapalayam
2989,Rajasthan
2990,Rajasthan Gases
2993,Rajath Finance
2994,Rajdarshan
2995,Rajesh Exports
2996,Rajeshwari Cans
2997,Rajeswari
2998,Rajkamal
2999,Rajkot
3000,Rajkumar Forge
3001,Rajnandini Metal
3002,Rajnish Wellness
3003,Raj Oil Mills
3004,Rajoo Engineers
3005,Raj
3006,Rajputana
3007,Rajratan
3008,Raj Rayon Ltd
3009,Rajshree
3011,Raj Tv Network
3012,Rallis India Ltd
3013,Rama Paper Mills
3014,Rama
3015,Rama Phosphates
3016,Ramasigns
3017,Rama Steel Tubes
3018,Rama Vision Ltd
3019,Ramchandra
3020,Ramco Cements
3021,Ramco Industries
3022,Ramco Systems
3023,Ramgopal Polytex
3024,Ram Informatics
3025,Ramkrishna
3026,Ramky
3027,Ram Ratna Wires
3028,Ramsarup
3029,Ramsons Projects
3030,Rana Sugars Ltd
3031,Rander
3032,Rane Brake
3033,Rane Engine
3034,Rane Holdings
3035,Rane Madras Ltd
3036,Rangoli
3037,Ranjeet
3038,Rapicut Carbides
3039,Rapid
3040,Rap Media Ltd
3041,Rasandik
3042,Rashtriya
3043,Rasi Electrodes
3044,Ras
3045,Rategain Travel
3046,Rathi Bars Ltd
3047,Ratnabhumi
3048,Ratnamani
3049,Rattanindia
3051,Raunaq
3052,Ravalgaon
3053,Ravi
3054,Ravi Leela
3055,Ravinder Heights
3056,Ravindra Energy
3057,Raw
3058,Raymond Ltd
3059,Rb Denims Ltd
3060,Rbl Bank Ltd
3061,Rci
3062,Rcl Retail Ltd
3063,Rdb Rasayans Ltd
3064,Rdb
3065,Real Eco Energy
3066,Real Strips Ltd
3067,Real Touch
3068,Redex Protech
3069,Redington Ltd
3070,Refex Industries
3071,Refnol
3072,Regal
3073,Regency Fincorp
3074,Regency Trust
3075,Regent
3076,Relaxo Footwears
3077,Reliable
3079,Reliance Capital
3087,Reliance Power
3088,Relicab
3089,Relic
3090,Religare
3091,Remedium
3092,Remi
3093,Remsons
3094,Renaissance
3095,Repco Home
3096,Repl
3097,Repro India Ltd
3098,Resonance
3099,Response
3100,Responsive
3101,Restile Ceramics
3102,Retro
3103,Revathi
3104,Rexnord
3105,Rex Pipes
3106,Rgf Capital
3107,Riba Textiles
3108,Richa Industries
3109,Richa Info
3110,Richfield
3111,Richirich
3112,Rich
3113,Rico Auto
3114,Riddhi
3117,Ridhi Synthetics
3118,Ridings
3119,Riga Sugar
3120,Rishabh
3121,Rishi Laser Ltd
3122,Rishi Packers
3123,Rishiroop Ltd
3124,Rita
3125,Ritco Logistics
3126,Ritesh
3128,Rites Ltd
3129,Rithwik
3130,Rj Bio Tech Ltd
3131,Rj Shah Company
3132,Rkd Agri Retail
3133,Rkec Projects
3134,Rlf Ltd
3135,Rmc Switchgears
3136,Rm
3137,Rodium Realty
3138,Rohit Ferro Tech
3139,Ro Jewels Ltd
3140,Rolcon
3141,Rolex Rings Ltd
3142,Rollatainers Ltd
3143,Rolta India Ltd
3144,Roni Households
3145,Roopa Industries
3146,Roopshri Resorts
3147,Roselabs Finance
3148,Rossari Biotech
3149,Rossell India
3150,Rotographics
3151,Roto Pumps Ltd
3152,Route Mobile Ltd
3153,Royal
3154,Royale
3155,Royal India Corp
3156,Royal Orchid
3157,Rpg Life
3158,Rpp Infra
3159,Rpsg Ventures
3160,Rril Ltd
3161,Rr
3162,Rsc
3163,Rsd Finance Ltd
3164,Rs Software Ltd
3165,Rswm Ltd
3166,R Systems
3167,Rt Exports Ltd
3168,Rts Power
3169,Rubfila
3170,Rubra
3171,Ruby Mills Ltd
3172,Ruchi
3173,Ruchira Papers
3174,Ruchi Soya
3175,Rudra
3176,Rungta
3177,Rupa Company Ltd
3178,Rural
3179,Rushil Decor Ltd
3180,Ruttonsha
3181,Sab
3182,Sab Industries
3183,Saboo Brothers
3184,Saboo Sodium
3185,Sabrimala
3186,Sab Tv Ltd
3187,Sacheta Metals
3188,Sadbhav
3190,Sadhana Nitro
3191,Sadhna Broadcast
3192,Safari
3193,Saffron
3194,Sagar Cements
3195,Sagardeep Alloys
3196,Sagar Diamonds
3197,Sagar
3198,Sagarsoft Ltd
3199,Sagar Soya
3200,Sagar Systech
3201,Sahara
3203,Sahyadri
3204,Sai
3205,Sai Capital Ltd
3206,Sainik
3207,Saint
3208,Sakar Healthcare
3209,Saksoft Ltd
3210,Sakthi Finance
3211,Sakthi Sugars
3212,Sakuma Exports
3213,Salasar
3215,Sal Automotive
3216,Salem
3217,Salguti
3218,Salona Cotspin
3219,Salora
3220,Sal Steel Ltd
3221,Salzer
3222,Sambandam
3223,Sambhaav Media
3224,Sam Industries
3225,Samkrg
3226,Samor Reality
3227,Sampre
3228,Samrat Forgings
3229,Samrat
3230,Samtex Fashions
3231,Samyak
3232,Sanathnagar
3233,Sanblue Ltd
3234,Sanco Industries
3235,Sanco Trans Ltd
3236,Sandesh Ltd
3237,Sandhar
3238,Sandu
3239,Sandur
3240,Sangal Papers
3241,Sangam Ltd
3242,Sangam
3243,Sanghi
3244,Sanghvi Brands
3245,Sanghvi Movers
3246,Sanginita
3247,Sanjivani
3248,Sankhya Infotech
3249,Sanmit Infra Ltd
3250,Sanmitra
3251,Sanofi India Ltd
3252,Sanrhea
3253,Sansera
3254,Santosh Fine Fab
3255,Sanwaria
3256,Sapphire
3257,Saptarishi
3258,Saraswati
3259,Sar Auto
3260,Sarda
3261,Sarda Papers Ltd
3262,Sarda Proteins
3263,Saregama India
3264,Sarla
3265,Sarthak Global
3266,Sarthak
3267,Sarthak Metals
3268,Sarup Industries
3269,Sarvamangal
3270,Sarveshwar Food
3271,Sarvottam
3272,Sashwat
3273,Sasken
3274,Sastasundar
3275,Satia Industries
3276,Satin Creditcare
3277,Sat Industries
3278,Satra
3279,Satyam Silk
3280,Saumya
3281,Saurashtra
3282,Savani
3283,Savant Infocomm
3284,Saven
3285,Savera
3286,Savita
3287,Sawaca
3288,Sayaji Hotels
3289,Sayaji
3290,Sbc Exports Ltd
3291,Sbec Sugar Ltd
3292,Sbec Systems Ltd
3293,Sbi Cards Ltd
3295,Sbl Infratech
3296,Sc Agrotech Ltd
3297,Scandent Imaging
3298,Scanpoint
3299,Scan Projects
3300,Scan Steels Ltd
3301,Schablona India
3302,Schaeffler India
3303,S Chand Group
3304,Schneider
3305,Scooters India
3306,Sdc Techmedia
3307,Seacoast
3308,Sea Gold Aqua
3309,Seamec Ltd
3310,Seasons
3311,Seasons Textiles
3312,Sea Tv Network
3313,Secmark
3314,Secur
3315,Securekloud
3316,Security
3317,Sejal Glass Ltd
3318,Selan
3319,Sellwin Traders
3320,Sel
3321,Senthil Infotek
3322,Se Power Ltd
3323,Sequent
3324,Servoteach
3325,Servotech
3326,Seshasayee
3327,Setco Automotive
3328,Setubandhan
3329,Seven Hill
3330,Seya Industries
3331,Sgn Telecoms Ltd
3332,Shah Alloys Ltd
3333,Shah
3334,Shah Foods Ltd
3335,Shahlon
3336,Shaily
3337,Shaival Reality
3338,Shakti Pumps Ltd
3339,Shalby Hospitals
3340,Shalibhadra
3341,Shalimar
3342,Shalimar Paints
3345,Shamrock
3346,Shangar Decor
3347,Shankara
3348,Shankar
3349,Shantai
3350,Shantanu
3351,Shanthi Gears
3352,Shanti
3354,Sharad
3355,Sharanam
3356,Sharat
3357,Sharda Cropchem
3358,Sharda Ispat Ltd
3359,Sharda Motor Ltd
3360,Shardul
3361,Share
3362,Sharika
3363,Sharp India Ltd
3364,Sharp
3365,Sharpline
3366,Shashank Traders
3367,Shashijit
3368,Sheela Foam Ltd
3369,Sheetal
3370,Sheetal Diamonds
3371,Shekhawati
3372,Shelter
3373,Shemaroo
3374,Sheraton
3375,Shervani
3376,Sheshadri
3377,Shetron Ltd
3378,Shikhar
3379,Shilchar
3380,Shilpa Medicare
3381,Shilp Gravures
3382,Shine Fashions
3383,Shipping
3384,Shish Industries
3385,Shiva Cement Ltd
3386,Shiva
3388,Shivagrico
3389,Shivalik
3390,Shivalik Rasayan
3391,Shivam Autotech
3392,Shiva Mills Ltd
3393,Shivansh
3394,Shiva Suitings
3395,Shiva Texyarn
3396,Shiv Aum Steels
3397,Shivkamal Impex
3398,Shivom Inv
3399,Sh Kelkar
3400,Shoppers Stop
3401,Shradha
3402,Shree Ajit
3403,Shree Bhavya
3404,Shree
3412,Shreeji
3417,Shree Metalloys
3418,Shreenath
3419,Shree Nidhi
3420,Shree Om Trades
3422,Shree Pacetronix
3427,Shree Rama
3429,Shree Ram
3430,Shree Renuka
3432,Shree Securities
3433,Shreeshay
3436,Shree Vasu
3437,Shreevatsaa
3438,Shree Worstex
3439,Shrenik Ltd
3440,Shreyans
3441,Shreyas
3443,Shri
3445,Shricon
3446,Shri Dinesh
3447,Shri Gang
3450,Shri Kalyan
3452,Shri Krishna
3454,Shriram
3456,Shriram Epc Ltd
3459,Shri Ram
3461,Shristi
3463,Shubham Polyspin
3464,Shubhlaxmi
3465,Shukra Bullions
3466,Shukra Jewellery
3467,Shukra
3468,Shyam
3469,Shyamkamal
3471,Shyam Telecom
3472,Sibar Auto Parts
3473,Sicagen India
3474,Sical Logistics
3475,Si
3476,Siddha Ventures
3477,Siddheswari
3478,Siddhika
3479,Siel
3480,Siemens Ltd
3481,Sigachi
3482,Sigma Solve Ltd
3483,Signet
3484,Sika
3485,Sikko Industries
3486,Sikozy Realtors
3487,Silgo Retail Ltd
3488,Sil Investments
3489,Silly Monks
3490,Silveroak
3491,Silver Oak India
3492,Silver
3493,Simbhaoli Sugars
3494,Simmonds
3495,Simplex Casting
3496,Simplex
3498,Simplex Papers
3499,Simplex Realty
3500,Simran Farms Ltd
3501,Sinclairs Hotels
3502,Sindhu Trade
3503,Sindu
3504,Singer India Ltd
3505,Sinnar Bidi
3506,Sintercom India
3507,Sintex
3509,Sip Industries
3510,Sirca Paint
3511,Sirohia Sons Ltd
3512,Sir
3513,Sita Enterprises
3514,Siti Networks
3515,Siyaram Silk
3516,Sj Corporation
3517,Sjs Enterprises
3518,Sjvn Ltd
3519,Skf Ltd
3520,Skil
3521,Sk
3522,Skipper Ltd
3523,Skm Egg
3524,Skp Securities
3525,Sks Textiles Ltd
3526,Sky Gold Ltd
3527,Sky Industries
3528,Skyline Millars
3529,Skyline
3530,Smart Finsec Ltd
3531,Smartlink
3532,Sm Auto Stamping
3533,Smc Credits Ltd
3534,Smc Global
3535,Sm Gold Ltd
3536,Smifs
3537,Smiths
3538,Sml Isuzu Ltd
3539,Smruthi Organics
3540,Sms Lifesciences
3541,Sms
3542,Smvd Poly Pack
3543,Snl Bearings Ltd
3544,Snowman
3545,Sobhagya
3546,Sobha Ltd
3547,Sofcom Systems
3548,Softbpo
3549,Softsol India
3550,Softtech
3551,Solara
3552,Solar Industries
3553,Solex Energy Ltd
3554,Solid Containers
3555,Solid Stone
3556,Solitaire
3557,Somany Ceramics
3558,Somany
3559,Soma
3560,Som
3562,Somi Conveyor
3563,Sona
3565,Sonal Adhesives
3566,Sonal Mercantile
3567,Sonam Clock Ltd
3568,Sonata Software
3569,Soni Medicare
3570,Sophia Traexpo
3571,Soril Infra
3572,Source
3574,South
3575,Southern Gas Ltd
3576,Southern Infosys
3577,Southern Latex
3578,Southern
3580,South Indian
3582,South West
3583,Sovereign
3584,Spa Capital
3585,Spaceage
3586,Space
3587,Spandana
3588,Span Divergent
3589,Sp Apparels Ltd
3590,Sparc Systems
3591,Sparkling
3592,Sp Capital
3593,Speciality
3594,Spectra
3595,Spectrum
3596,Spectrum Foods
3597,Specular
3598,Speedage
3599,Spel
3600,Spencers Retail
3601,Spenta
3602,Spentex Ind Ltd
3603,Spice
3604,Spicejet Ltd
3605,Spicy
3606,Spl Industries
3607,Spml Infra Ltd
3608,Sportking India
3609,Sprayking
3610,Sps Finquest Ltd
3611,Sps
3612,Spv Global
3613,Square Four
3614,Sreechem Resins
3615,Sree
3616,Sreeleathers Ltd
3618,Srei
3619,Srestha Finvest
3620,Srf Ltd
3621,Srg Housing
3622,Srg
3623,Sri Amarnath
3624,Sri Havisha
3625,Srikalahasthi
3626,Sri Kpr
3627,Sri
3630,Sr Industries
3632,Srm Energy Ltd
3633,Sru Steels Ltd
3634,Ss
3635,Ss Organics Ltd
3636,Sspdl Ltd
3637,Sspn Finance Ltd
3638,Ss Power
3639,Stampede Capital
3640,Standard
3645,Stanpacks Ltd
3646,Stanrose
3647,Star Cement Ltd
3648,Starcom
3649,Star
3650,Star Health
3651,Starline
3652,Starlite
3653,Starlit
3654,Starlog
3655,Star Paper Mills
3656,Starteck Finance
3658,State
3659,St Corporation
3660,Steel
3661,Steelcast Ltd
3662,Steel City
3665,Steel Strips
3666,Stel Holdings
3667,Stellar
3668,Stephanotis
3669,Step Two Corp
3670,Sterling
3672,Sterling Tools
3674,Sterlite
3675,Stl Global Ltd
3676,Stovec
3677,Stovekraft Ltd
3678,Stratmont
3679,Strides
3680,Sturdy
3681,Stylam
3682,Subex Ltd
3683,Subhash Silk
3684,Subros Ltd
3685,Suchitra
3686,Sudal Industries
3687,Sudarshan
3688,Suditi
3689,Sueryaa Knitwear
3690,Sugal
3691,Sujala
3692,Sukhjit
3693,Sulabh
3694,Sumedha
3695,Sumeet Ind Ltd
3696,Sumeru
3697,Sumitomo
3698,Sumit Woods Ltd
3699,Summit
3700,Sun And
3701,Suncare Traders
3702,Suncity
3703,Sundaram
3704,Sundaram Clayton
3706,Sundaram Finance
3707,Sundaram Multi
3708,Sundram
3709,Sunedison
3710,Sunflag
3711,Sungold Capital
3712,Sungold
3713,Sunil Agro Foods
3714,Sunil Industries
3715,Sunil Synchem
3718,Sunraj
3719,Sun Retail Ltd
3720,Sunrise
3721,Sunshield
3722,Sunshine Capital
3723,Sunteck Realty
3724,Sun Tv Network
3725,Super Bakers Ltd
3726,Superb Papers
3727,Super Crop Safe
3728,Super Fine
3729,Superhouse Ltd
3730,Superior
3732,Super Sales
3733,Supershakti
3734,Super
3735,Super Tannery
3736,Supertex
3737,Suprajit
3738,Supra
3739,Supra Trends Ltd
3740,Supreme
3744,Supremex
3745,Supriya
3746,Suraj Industries
3747,Suraj Ltd
3748,Suraj Products
3749,Surana Solar Ltd
3750,Surana
3751,Surani Steel
3752,Surat Textile
3753,Suratwwala
3754,Surbhi
3755,Surevin Bpo
3756,Suryaamba
3757,Suryachakra
3758,Surya India Ltd
3759,Suryakripa
3760,Suryalakshmi
3761,Suryalata
3762,Surya Roshni Ltd
3763,Suryavanshi
3764,Suryoday
3765,Suryo
3766,Sutlej
3767,Suumaya
3768,Suven Life
3769,Suven
3770,Suvidhaa
3771,Suvidha
3772,Suyog
3773,Suyog Telematics
3774,Suzlon Ltd
3775,Sva India Ltd
3776,Svam Software
3777,Svaraj
3778,Svarnim Trade
3779,Svc Superchem
3780,Sv Global Mill
3781,Svp Global
3782,Svp Housing Ltd
3783,Sv Trading
3784,Swadeshi
3785,Swadeshi Polytex
3786,Swagruha
3787,Swagtam
3788,Swan Energy Ltd
3789,Swaraj Engines
3790,Swarna
3791,Swarnsarita Gems
3792,Swastika
3793,Swastik
3794,Swasti
3796,Swelect
3797,Sw Investments
3798,Swiss
3799,Switching
3800,Sword Edge
3801,Sybly Industries
3802,Sylph
3804,Symbiox
3805,Symphony Ltd
3806,Syncom
3807,Synergy Green
3808,Syngene
3809,Synthiko Foils
3810,Syschem India
3811,Systematix
3813,Taal Enterprises
3814,Taaza
3815,Tai Industries
3816,Tainwala
3817,Taj Gvk
3818,Take Solutions
3819,Talbros
3821,Tamboli Capital
3822,Tamil
3823,Tamilnadu
3826,Taneja
3827,Tanfac
3828,Tanla Solutions
3829,Tantia
3830,Tanvi Foods Ltd
3831,Taparia Tools
3832,Tara Chand Log
3833,Tarai Foods Ltd
3834,Tarapur
3835,Tarc Anant
3836,Tarini
3837,Tarmat Ltd
3838,Tarsons Products
3839,Tashi India Ltd
3840,Tasty Bite
3841,Tasty
3842,Tata Chemicals
3843,Tata Coffee Ltd
3846,Tata Elxsi Ltd
3848,Tata Metaliks
3849,Tata Motors Dvr
3851,Tata Power Ltd
3852,Tata Steel Bsl
3856,Tatia
3857,Tatva
3858,Tavernier
3859,Taylormade
3860,Tayo Rolls Ltd
3861,Tcfc Finance Ltd
3862,Tci Developers
3863,Tci Express Ltd
3864,Tci Finance Ltd
3865,Tci Industries
3866,Tcm Ltd
3867,Tcns
3868,Tcpl Packaging
3870,Td Power Systems
3871,Teamlease
3872,Tea Time Ltd
3873,Techindia Nirman
3875,Technocraft
3876,Techno
3877,Technojet
3878,Tega Industries
3879,Tejas Networks
3880,Tejnaksh
3881,Telecanor Global
3882,Tembo
3883,Terai Tea Ltd
3884,Tera Software
3885,Terraform Magnum
3886,Terraform
3887,Terrascope
3888,Texel Industries
3889,Texmaco
3891,Texmo Pipes
3892,Tgb Banquets
3893,Tgv Sraac Ltd
3894,Thacker Ltd
3895,Thakkers
3896,Thakral Services
3897,Thambbi
3898,Thangamayil
3899,The Anup
3900,The Byke
3901,The
3904,Thejo
3905,Themis Medicare
3907,Thermax Ltd
3908,The Western
3909,The Yamuna
3910,Thinkink
3911,Thirani Projects
3912,Thirdwave
3913,Thirumalai
3914,Thomas Cook
3915,Thomas Scott Ltd
3916,Thyrocare
3917,Tiaan
3918,Tide Water
3919,Tiger Logistics
3920,Ti Global Ltd
3921,Tijaria
3922,Tilaknagar
3923,Tilak Ventures
3924,Til Ltd
3925,Timescan
3926,Times Green
3927,Times Guaranty
3928,Time Technoplast
3929,Timex Group Ltd
3930,Timken India Ltd
3931,Tinna
3932,Tinna Trade Ltd
3933,Tinplate Company
3934,Tips Industries
3935,Tirupati Fin
3936,Tirupati Foam
3937,Tirupati Forge
3938,Tirupati Sarjan
3939,Tirupati
3940,Tirupati Tyres
3941,Titaanium
3942,Titagarh Wagons
3943,Titan Bio Tech
3945,Titan Securities
3946,Tivoli
3947,Tmt Steel Ltd
3948,Tokyo Finance
3949,Tokyo
3950,Torrent
3951,Torrent Power
3952,Total
3953,Touchwood
3954,Tourism
3955,Towa Sokki Ltd
3956,Toyam Industries
3957,Tpl Plastech Ltd
3958,Trade Wings Ltd
3959,Transchem Ltd
3960,Transcorp
3961,Trans
3962,Transformers
3964,Transgene Biotek
3965,Transglobe Foods
3966,Transoceanic
3967,Transpact
3968,Transpek
3969,Transport
3970,Transwarranty
3971,Transwind
3972,Tranway
3973,Trc
3974,Tree
3975,Trejhara
3976,Trekkingtoescom
3977,Trent Ltd
3978,Trescon Ltd
3979,Trf Ltd
3980,Tribhovandas
3981,Tricom
3982,Trident Ltd
3983,Trident Texofab
3984,Trident Tool Ltd
3985,Trigyn
3986,Trijal
3987,Trimurthi Ltd
3988,Trinity
3989,Triochem
3990,Trio
3991,Trishakti
3992,Triton Valves
3993,Triveni
3995,Triveni Glass
3996,Triveni Turbines
3997,Trivikrama
3998,T Spiritual
3999,Tti Enterprise
4000,Ttk Healthcare
4001,Ttk Prestige Ltd
4002,Ttl Enterprises
4003,Ttl Ltd
4004,Tube Invest
4005,Tulasee Bio
4006,Tulive
4007,Tuni Textile
4008,Tuticorin
4009,Tv18 Broadcast
4010,Tvs Electronics
4011,Tvs Motors Ltd
4012,Tvs Srichakra
4013,Tv Today Network
4014,Tv Vision Ltd
4015,Twin
4016,Twinstar
4017,Tyche Industries
4018,Typhoon
4019,Tyroon Tea
4020,Ucal Fuel System
4021,Uco Bank Ltd
4022,Udaipur
4023,Uday
4024,Uflex Ltd
4025,Ufo Moviez India
4026,Ugar Sugar Works
4027,Ugro Capital Ltd
4028,Uh Zaveri Ltd
4029,Ujaas Energy Ltd
4030,Ujjivan
4032,Ultracab Ltd
4033,Ultramarine
4035,Ultra Wiring
4036,Umang Dairies
4037,Umiya Tubes Ltd
4038,Uni Abex
4039,Unichem
4040,Unick
4041,Uniinfo
4042,Unijolly
4043,Unimode Overseas
4044,Union Bank Of
4045,Union
4046,Uniphos
4047,Unique Organics
4048,Uniroyal
4050,Unishire
4051,Unison Metals
4052,Unistar
4053,Unitech Group
4054,Unitech
4055,United Breweries
4056,United Credit
4057,United
4060,United Nilgiri
4061,United Polyfab
4062,United Spirits
4063,United Textiles
4064,United Van
4065,Univastu India
4066,Universal Arts
4067,Universal
4068,Universal Cables
4071,Universus
4072,Uniworth Ltd
4073,Uniworth
4074,Unjha
4075,Upasana Finance
4076,Up Hotels Ltd
4078,Upsurge
4079,Uravi T Wedge
4080,Urja Global Ltd
4081,Usg Tech
4082,Ushakiran
4083,Usha
4084,Usha Martin Ltd
4085,Ushanti
4086,Ushdev
4087,Uti
4088,Utique
4089,Utl Industries
4090,Uttam Galva
4091,Uttam Sugar
4092,Uy Fincorp Ltd
4093,V2 Retail Ltd
4094,Vaarad Ventures
4095,Vadilal
4097,Vadivarhe
4098,Vaghani
4099,Vaibhav Global
4100,Vaishali Pharma
4101,Vakrangee Ltd
4102,Vaksons
4103,Valencia
4104,Valiant
4105,Valiant Organics
4106,Vallabh Steels
4107,Valley
4108,Valson
4109,Vama Industries
4110,Vamshi Rubber
4111,Vandana Knitwear
4112,Vani Commercials
4113,Vanta Bioscience
4114,Vapi Paper Mills
4115,Vardhaman
4116,Vardhan
4117,Vardhman
4119,Vardhman Polytex
4122,Variman
4123,Varroc
4124,Varun Beverages
4125,Varun Mercantile
4126,Vasa
4127,Vascon Engineers
4128,Vas
4129,Vasundhara
4130,Vaswani
4131,Va Tech Wabag
4132,Vaxtex Cotfab
4133,Vbc Ferro Alloys
4134,Vb Desai
4135,Vck
4136,Vcu Data
4137,Vedanta Fashions
4138,Vedanta Ltd
4139,Vedavaag Systems
4140,Veejay
4141,Veeram
4142,Veer
4144,Veerhealth Care
4145,Vegetable
4146,Velan Hotels Ltd
4147,Veljan Denison
4148,Venkys Ltd
4149,Venlon
4150,Ventura Guaranty
4151,Ventura Textiles
4152,Venus Remedies
4153,Vera Synthetic
4154,Veritas India
4155,Vertex
4156,Vertoz
4157,Vesuvius India
4158,Veto
4159,V Guard
4160,Viaan Industries
4161,Vibrant
4162,Viceroy Hotels
4163,Victoria Mills
4164,Victory
4165,Vidhi
4166,Vidli
4167,Vijaya
4168,Vijay Solvex Ltd
4169,Vijay Textiles
4170,Viji Finance Ltd
4171,Vikalp
4172,Vikas Ecotech
4173,Vikas Multicorp
4174,Vikas
4175,Vikas Wsp Ltd
4176,Vikram Thermo
4177,Viksit
4178,Vimta Labs Ltd
4179,Vinati Organics
4180,Vinayak
4181,Vindhya
4182,Vineet
4183,Vinny Overseas
4184,Vintage
4185,Vintron
4186,Vinyl Chemicals
4187,Vinyoflex Ltd
4188,Vip Clothing Ltd
4189,Vip Industries
4190,Vippy Spinpro
4191,Vipul Ltd
4192,Vipul Organics
4193,Virat
4194,Virat Industries
4195,Virinchi Ltd
4196,Virtual
4197,Virtualsoft
4198,Visagar
4199,Visagar Polytex
4200,Visaka
4201,Visa Steel Ltd
4202,Visco
4203,Visesh
4204,Vishal Bearings
4205,Vishal Fabrics
4206,Vishnu Chemicals
4207,Vishvprabha
4208,Vishwaraj
4209,Vision Cinemas
4210,Vision Corp Ltd
4211,Vista
4212,Vistar Amar Ltd
4213,Vitesse Agro Ltd
4214,Vivanta
4215,Vivanza
4216,Vivid
4217,Vivid Mercantile
4218,Vivimed Labs Ltd
4219,Vivo Bio Tech
4220,Vivo Collab
4221,Vjtf Eduservices
4222,Vls Finance Ltd
4223,V Marc India Ltd
4224,V Mart Retail
4225,Vms Industries
4226,Vmv Holidays Ltd
4227,Vodafone Idea
4228,Voith
4229,Voltaire
4230,Voltamp
4231,Voltas Ltd
4232,Vr Films Studios
4233,Vrl Logistics
4234,Vr Woodart Ltd
4235,Vsf Projects Ltd
4236,Vst Industries
4237,Vst Tillers
4238,Vtm Ltd
4239,Vxl Instruments
4240,Waaree
4241,Waa Solar Ltd
4242,Wabco India Ltd
4243,Wagend Infra
4244,Walchandnagar
4245,Walchand
4246,Wallfort
4247,Wall Street
4248,Walpar
4249,Wanbury Ltd
4250,Warren Tea Ltd
4251,Waterbase Ltd
4252,Wealth
4253,Websol
4254,Weizmann Fincorp
4255,Weizmann Ltd
4256,Welcast Steels
4257,Welcure
4258,Wellesley
4259,Welspun Corp Ltd
4260,Welspun
4261,Welspun India
4264,Welterman
4265,Wendt India Ltd
4266,Wep Solutions
4267,West Coast
4268,West Leisure
4269,Westlife
4270,Wh Brady Co Ltd
4271,Wheels India Ltd
4272,Wherrelz It
4273,Whirlpool Of
4274,White Organic
4275,White
4276,Williamson
4277,Williamson Magor
4278,Wim Plast Ltd
4279,Windlas Biotech
4280,Windsor Machines
4281,Winro Commercial
4282,Winsome
4285,Wires And
4286,Wockhardt Ltd
4287,Women Networks
4288,Wonder Fibromats
4289,Wonderla
4290,Woodsvilla Ltd
4291,Worldwide
4292,Worth
4294,Wpil Ltd
4295,W S
4296,Ww
4297,Xchanging
4298,Xelpmoc
4299,Xpro India Ltd
4300,Xtglobal
4301,Yaarii
4302,Yamini
4303,Yarn Syndicate
4304,Yash Chemex Ltd
4305,Yash
4306,Yasho Industries
4307,Yash Pakka Ltd
4308,Yashraj
4309,Yash Trading
4310,Yes Bank Ltd
4311,Yogi Sung Won
4312,York Exports Ltd
4313,Yug Decor Ltd
4314,Yuken India Ltd
4315,Yuranus
4316,Zeal Aqua Ltd
4317,Zee
4318,Zee Learn Ltd
4319,Zee Media
4320,Zenith Birla
4321,Zenith Exports
4322,Zenith Fibres
4323,Zenith Health
4324,Zenlabs Ethica
4325,Zenotech
4326,Zensar
4327,Zen Technologies
4328,Zf Steering Gear
4329,Zim Laboratories
4330,Zodiac Clothing
4331,Zodiac Energy
4332,Zodiac Jrd Mkj
4333,Zodiac Ventures
4334,Zomato Ltd
4335,Zota Healthcare
4336,Zuari Agro
4337,Zuari Global Ltd
4338,Zydus Wellness
4339,20 Microns Ltd
4340,21St
4341,3I Infotech Ltd
4342,3M India Ltd
4343,3P Land Holdings
4344,3Rd Rock
4345,5Paisa Capital
4346,63 Moons
4347,7Nr Retail Ltd
4348,7Seas
